[
 {
  "docstatus": 0,
  "doctype": "Client Script",
  "dt": "Shift Type",
  "enabled": 1,
  "modified": "2025-02-10 12:30:18.983024",
  "module": "Enrich HRMS",
  "name": "Calculate Shifthours",
  "script": "frappe.ui.form.on('Shift Type', {\nstart_time: function (cur_frm, cdt, cdn) {\n    var d = locals[cdt][cdn];\n    var hours=0;\n    var minutes=0;\n    var seconds=0;\n    console.log(cdt, cdn, d.start_time, d.end_time, d.custom_shift_hours);\n\n    if (d.start_time && d.end_time) {\n        \n\t\t\n\t    var hour1 = d.start_time.split(':')[0];\n        var hour2 = d.end_time.split(':')[0];\n        var min1 = d.start_time.split(':')[1];\n        var min2 = d.end_time.split(':')[1];\n\t\tvar sec1 = d.start_time.split(':')[2];\n        var sec2 = d.end_time.split(':')[2];\n\t\t\n\t\tvar diff_hour = hour2 - hour1;\n\t\tvar diff_min = min2 - min1;\n\t\tvar diff_sec = sec2 - sec1;\n\t\t\n\t\tif (diff_hour<0) {\n            diff_hour+= 24;\n        }\n        if (diff_min<0) {\n            diff_min+=60;\n            diff_hour--;\n        }if(diff_min>=60){\n            diff_min-=60;\n            diff_hour++;\n        }\n        if (diff_sec<0) {\n            diff_sec+=60;\n            diff_min--;\n        } else if(diff_sec>=60){\n            diff_sec-=60;\n            diff_min++;\n        }\n\t\n        \n       frappe.model.set_value(cdt,cdn,\"custom_shift_hours\",diff_hour+\":\"+diff_min+\":\"+diff_sec);\n\t   frm.refresh_field(\"custom_shift_hours\");\n    }\n},\nend_time: function (cur_frm, cdt, cdn) {\n    var d = locals[cdt][cdn];\n    var hours=0;\n    var minutes=0;\n    var seconds=0;\n    console.log(cdt, cdn, d.start_time, d.end_time, d.custom_shift_hours);\n\n    if (d.start_time && d.end_time) {\n        \n\t\t\n\t    var hour1 = d.start_time.split(':')[0];\n        var hour2 = d.end_time.split(':')[0];\n        var min1 = d.start_time.split(':')[1];\n        var min2 = d.end_time.split(':')[1];\n\t\tvar sec1 = d.start_time.split(':')[2];\n        var sec2 = d.end_time.split(':')[2];\n\t\t\n\t\tvar diff_hour = hour2 - hour1;\n\t\tvar diff_min = min2 - min1;\n\t\tvar diff_sec = sec2 - sec1;\n\t\t\n\t\tif (diff_hour<0) {\n            diff_hour+= 24;\n        }\n        if (diff_min<0) {\n            diff_min+=60;\n            diff_hour--;\n        }if(diff_min>=60){\n            diff_min-=60;\n            diff_hour++;\n        }\n        if (diff_sec<0) {\n            diff_sec+=60;\n            diff_min--;\n        } else if(diff_sec>=60){\n            diff_sec-=60;\n            diff_min++;\n        }\n\t\t\n      frappe.model.set_value(cdt,cdn,\"custom_shift_hours\",diff_hour+\":\"+diff_min+\":\"+diff_sec);\n\t   frm.refresh_field(\"custom_shift_hours\");\n    }\n}\n\n\n});",
  "view": "Form"
 },
 {
  "docstatus": 0,
  "doctype": "Client Script",
  "dt": "Shift Type",
  "enabled": 1,
  "modified": "2025-02-10 12:30:18.945836",
  "module": "Enrich HRMS",
  "name": "Custom attendance via Get attendance button",
  "script": "frappe.ui.form.on('Shift Type', {\n\trefresh:function(frm) {\n\n    // Hide Default Mark Attendance Button\n    $('[data-label=\"Mark%20Attendance\"]').hide();\n    \n    \n    frm.add_custom_button(__(\"Get Attendance\"), function() {\n        var from_date = frm.doc.process_attendance_after;\n        var shift = frm.doc.name;\n        var shift_type = frm.doc.type;\n        var batchSize = 3; \n\n        \n        frappe.call({\n            method: \"enrich_hrms.utils.mark_attendance\",\n            args: {\n                \"date\": from_date,\n                \"shift\": shift,\n                freeze: true,\n                freeze_message: \"Please wait ..\"\n            },\n            callback: function(r) {\n                console.log(r)\n                // var res = r.message;\n                // res.forEach(function(message) {\n                //     frappe.msgprint(message);\n                // });\n               \n            }\n        });\n    });\n\t},\n\tprocess_attendance_after: function(frm) {\n        frm.save();\n    }\n\t\n});\n\n",
  "view": "Form"
 },
 {
  "docstatus": 0,
  "doctype": "Client Script",
  "dt": "Attendance",
  "enabled": 1,
  "modified": "2025-02-24 17:53:15.537008",
  "module": "Enrich HRMS",
  "name": "Set fields read only for employees",
  "script": "frappe.ui.form.on('Attendance', {\n    refresh(frm) {\n        \n        if (!frappe.user_roles.includes(\"HR Manager\") || !frappe.user_roles.includes(\"HR User\")) {\n                \n            const fields_to_restrict = [\"status\",\"shift\",\"in_time\",\"out_time\",\"late_entry\",\"early_exit\", \"custom_work_hours_\", \"custom_overtime\", \"custom_remarks\", \"custom_late_entry_hours\", \"custom_early_exit_hours\"];\n            fields_to_restrict.forEach(field => {\n                frm.set_df_property(field, \"read_only\", 1);\n            });\n                \n                \n        }\n        \n   \n    }\n});\n",
  "view": "Form"
 },
 {
  "_liked_by": "[]",
  "docstatus": 0,
  "doctype": "Client Script",
  "dt": "Salary Slip",
  "enabled": 1,
  "modified": "2025-02-04 11:50:43.250612",
  "module": "Enrich HRMS",
  "name": "Set default letterhead in salary slip",
  "script": "frappe.ui.form.on('Salary Slip', {\n\trefresh(frm) {\n\t    if(frm.is_new()){\n\t        frm.set_value('letter_head', 'Salary Slip Letter Head');\n    \t\tfrm.refresh_field('letter_head');\n\t    }\n\t\t\n\t}\n});",
  "view": "Form"
 }
]