[
 {
  "_liked_by": "[]",
  "allow_in_quick_entry": 0,
  "allow_on_submit": 0,
  "bold": 0,
  "collapsible": 0,
  "collapsible_depends_on": null,
  "columns": 0,
  "default": null,
  "depends_on": null,
  "description": null,
  "docstatus": 0,
  "doctype": "Custom Field",
  "dt": "Operation",
  "fetch_from": null,
  "fetch_if_empty": 0,
  "fieldname": "custom_per_piece_rate",
  "fieldtype": "Currency",
  "hidden": 0,
  "hide_border": 0,
  "hide_days": 0,
  "hide_seconds": 0,
  "ignore_user_permissions": 0,
  "ignore_xss_filter": 0,
  "in_global_search": 0,
  "in_list_view": 0,
  "in_preview": 0,
  "in_standard_filter": 0,
  "insert_after": "workstation",
  "is_system_generated": 0,
  "is_virtual": 0,
  "label": "Per Piece Rate",
  "length": 0,
  "link_filters": null,
  "mandatory_depends_on": null,
  "modified": "2025-02-03 13:53:30.053972",
  "module": "Enrich HRMS",
  "name": "Operation-custom_per_piece_rate",
  "no_copy": 0,
  "non_negative": 0,
  "options": null,
  "permlevel": 0,
  "placeholder": null,
  "precision": "2",
  "print_hide": 0,
  "print_hide_if_no_value": 0,
  "print_width": null,
  "read_only": 0,
  "read_only_depends_on": null,
  "report_hide": 0,
  "reqd": 0,
  "search_index": 0,
  "show_dashboard": 0,
  "sort_options": 0,
  "translatable": 0,
  "unique": 0,
  "width": null
 },
 {
  "allow_in_quick_entry": 0,
  "allow_on_submit": 0,
  "bold": 0,
  "collapsible": 0,
  "collapsible_depends_on": null,
  "columns": 0,
  "default": null,
  "depends_on": null,
  "description": null,
  "docstatus": 0,
  "doctype": "Custom Field",
  "dt": "Shift Type",
  "fetch_from": null,
  "fetch_if_empty": 0,
  "fieldname": "custom_shift_hours",
  "fieldtype": "Time",
  "hidden": 0,
  "hide_border": 0,
  "hide_days": 0,
  "hide_seconds": 0,
  "ignore_user_permissions": 0,
  "ignore_xss_filter": 0,
  "in_global_search": 0,
  "in_list_view": 0,
  "in_preview": 0,
  "in_standard_filter": 0,
  "insert_after": "end_time",
  "is_system_generated": 0,
  "is_virtual": 0,
  "label": "Shift Hours",
  "length": 0,
  "link_filters": null,
  "mandatory_depends_on": null,
  "modified": "2025-02-10 12:24:11.548656",
  "module": "Enrich HRMS",
  "name": "Shift Type-custom_shift_hours",
  "no_copy": 0,
  "non_negative": 0,
  "options": null,
  "permlevel": 0,
  "placeholder": null,
  "precision": "",
  "print_hide": 0,
  "print_hide_if_no_value": 0,
  "print_width": null,
  "read_only": 0,
  "read_only_depends_on": null,
  "report_hide": 0,
  "reqd": 0,
  "search_index": 0,
  "show_dashboard": 0,
  "sort_options": 0,
  "translatable": 0,
  "unique": 0,
  "width": null
 },
 {
  "allow_in_quick_entry": 0,
  "allow_on_submit": 1,
  "bold": 0,
  "collapsible": 0,
  "collapsible_depends_on": null,
  "columns": 0,
  "default": null,
  "depends_on": null,
  "description": null,
  "docstatus": 0,
  "doctype": "Custom Field",
  "dt": "Attendance",
  "fetch_from": null,
  "fetch_if_empty": 0,
  "fieldname": "custom_work_hours_",
  "fieldtype": "Float",
  "hidden": 0,
  "hide_border": 0,
  "hide_days": 0,
  "hide_seconds": 0,
  "ignore_user_permissions": 0,
  "ignore_xss_filter": 0,
  "in_global_search": 0,
  "in_list_view": 0,
  "in_preview": 0,
  "in_standard_filter": 0,
  "insert_after": "employee_name",
  "is_system_generated": 0,
  "is_virtual": 0,
  "label": "Work Hours ",
  "length": 0,
  "link_filters": null,
  "mandatory_depends_on": null,
  "modified": "2025-02-10 12:24:43.082756",
  "module": "Enrich HRMS",
  "name": "Attendance-custom_work_hours_",
  "no_copy": 0,
  "non_negative": 0,
  "options": null,
  "permlevel": 0,
  "placeholder": null,
  "precision": "2",
  "print_hide": 0,
  "print_hide_if_no_value": 0,
  "print_width": null,
  "read_only": 0,
  "read_only_depends_on": null,
  "report_hide": 0,
  "reqd": 0,
  "search_index": 0,
  "show_dashboard": 0,
  "sort_options": 0,
  "translatable": 0,
  "unique": 0,
  "width": null
 },
 {
  "allow_in_quick_entry": 0,
  "allow_on_submit": 1,
  "bold": 0,
  "collapsible": 0,
  "collapsible_depends_on": null,
  "columns": 0,
  "default": null,
  "depends_on": null,
  "description": null,
  "docstatus": 0,
  "doctype": "Custom Field",
  "dt": "Attendance",
  "fetch_from": null,
  "fetch_if_empty": 0,
  "fieldname": "custom_overtime",
  "fieldtype": "Float",
  "hidden": 0,
  "hide_border": 0,
  "hide_days": 0,
  "hide_seconds": 0,
  "ignore_user_permissions": 0,
  "ignore_xss_filter": 0,
  "in_global_search": 0,
  "in_list_view": 0,
  "in_preview": 0,
  "in_standard_filter": 0,
  "insert_after": "custom_work_hours_",
  "is_system_generated": 0,
  "is_virtual": 0,
  "label": "Overtime",
  "length": 0,
  "link_filters": null,
  "mandatory_depends_on": null,
  "modified": "2025-02-10 12:24:42.964757",
  "module": "Enrich HRMS",
  "name": "Attendance-custom_overtime",
  "no_copy": 0,
  "non_negative": 0,
  "options": null,
  "permlevel": 0,
  "placeholder": null,
  "precision": "2",
  "print_hide": 0,
  "print_hide_if_no_value": 0,
  "print_width": null,
  "read_only": 0,
  "read_only_depends_on": null,
  "report_hide": 0,
  "reqd": 0,
  "search_index": 0,
  "show_dashboard": 0,
  "sort_options": 0,
  "translatable": 0,
  "unique": 0,
  "width": null
 },
 {
  "allow_in_quick_entry": 0,
  "allow_on_submit": 0,
  "bold": 0,
  "collapsible": 0,
  "collapsible_depends_on": null,
  "columns": 0,
  "default": null,
  "depends_on": null,
  "description": null,
  "docstatus": 0,
  "doctype": "Custom Field",
  "dt": "Employee Checkin",
  "fetch_from": null,
  "fetch_if_empty": 0,
  "fieldname": "custom_date",
  "fieldtype": "Date",
  "hidden": 0,
  "hide_border": 0,
  "hide_days": 0,
  "hide_seconds": 0,
  "ignore_user_permissions": 0,
  "ignore_xss_filter": 0,
  "in_global_search": 0,
  "in_list_view": 0,
  "in_preview": 0,
  "in_standard_filter": 1,
  "insert_after": "attendance",
  "is_system_generated": 0,
  "is_virtual": 0,
  "label": "Date",
  "length": 0,
  "link_filters": null,
  "mandatory_depends_on": null,
  "modified": "2025-02-10 12:23:58.404608",
  "module": "Enrich HRMS",
  "name": "Employee Checkin-custom_date",
  "no_copy": 0,
  "non_negative": 0,
  "options": null,
  "permlevel": 0,
  "placeholder": null,
  "precision": "",
  "print_hide": 0,
  "print_hide_if_no_value": 0,
  "print_width": null,
  "read_only": 1,
  "read_only_depends_on": null,
  "report_hide": 0,
  "reqd": 0,
  "search_index": 0,
  "show_dashboard": 0,
  "sort_options": 0,
  "translatable": 0,
  "unique": 0,
  "width": null
 },
 {
  "allow_in_quick_entry": 0,
  "allow_on_submit": 0,
  "bold": 0,
  "collapsible": 0,
  "collapsible_depends_on": null,
  "columns": 0,
  "default": null,
  "depends_on": null,
  "description": null,
  "docstatus": 0,
  "doctype": "Custom Field",
  "dt": "Employee Checkin",
  "fetch_from": null,
  "fetch_if_empty": 0,
  "fieldname": "custom_remarks",
  "fieldtype": "Data",
  "hidden": 0,
  "hide_border": 0,
  "hide_days": 0,
  "hide_seconds": 0,
  "ignore_user_permissions": 0,
  "ignore_xss_filter": 0,
  "in_global_search": 0,
  "in_list_view": 0,
  "in_preview": 0,
  "in_standard_filter": 0,
  "insert_after": "custom_date",
  "is_system_generated": 0,
  "is_virtual": 0,
  "label": "Remarks",
  "length": 0,
  "link_filters": null,
  "mandatory_depends_on": null,
  "modified": "2025-02-10 12:23:51.909902",
  "module": "Enrich HRMS",
  "name": "Employee Checkin-custom_remarks",
  "no_copy": 0,
  "non_negative": 0,
  "options": null,
  "permlevel": 0,
  "placeholder": null,
  "precision": "",
  "print_hide": 0,
  "print_hide_if_no_value": 0,
  "print_width": null,
  "read_only": 1,
  "read_only_depends_on": null,
  "report_hide": 0,
  "reqd": 0,
  "search_index": 0,
  "show_dashboard": 0,
  "sort_options": 0,
  "translatable": 1,
  "unique": 0,
  "width": null
 },
 {
  "allow_in_quick_entry": 0,
  "allow_on_submit": 0,
  "bold": 0,
  "collapsible": 0,
  "collapsible_depends_on": null,
  "columns": 0,
  "default": null,
  "depends_on": null,
  "description": null,
  "docstatus": 0,
  "doctype": "Custom Field",
  "dt": "Attendance",
  "fetch_from": null,
  "fetch_if_empty": 0,
  "fieldname": "custom_first_chckin",
  "fieldtype": "Link",
  "hidden": 0,
  "hide_border": 0,
  "hide_days": 0,
  "hide_seconds": 0,
  "ignore_user_permissions": 0,
  "ignore_xss_filter": 0,
  "in_global_search": 0,
  "in_list_view": 0,
  "in_preview": 0,
  "in_standard_filter": 0,
  "insert_after": "out_time",
  "is_system_generated": 0,
  "is_virtual": 0,
  "label": "First Chckin",
  "length": 0,
  "link_filters": null,
  "mandatory_depends_on": null,
  "modified": "2025-02-10 12:24:42.818604",
  "module": "Enrich HRMS",
  "name": "Attendance-custom_first_chckin",
  "no_copy": 0,
  "non_negative": 0,
  "options": "Employee Checkin",
  "permlevel": 0,
  "placeholder": null,
  "precision": "",
  "print_hide": 0,
  "print_hide_if_no_value": 0,
  "print_width": null,
  "read_only": 0,
  "read_only_depends_on": null,
  "report_hide": 0,
  "reqd": 0,
  "search_index": 0,
  "show_dashboard": 0,
  "sort_options": 0,
  "translatable": 0,
  "unique": 0,
  "width": null
 },
 {
  "allow_in_quick_entry": 0,
  "allow_on_submit": 0,
  "bold": 0,
  "collapsible": 0,
  "collapsible_depends_on": null,
  "columns": 0,
  "default": null,
  "depends_on": null,
  "description": null,
  "docstatus": 0,
  "doctype": "Custom Field",
  "dt": "Attendance",
  "fetch_from": null,
  "fetch_if_empty": 0,
  "fieldname": "custom_last_checkout",
  "fieldtype": "Link",
  "hidden": 0,
  "hide_border": 0,
  "hide_days": 0,
  "hide_seconds": 0,
  "ignore_user_permissions": 0,
  "ignore_xss_filter": 0,
  "in_global_search": 0,
  "in_list_view": 0,
  "in_preview": 0,
  "in_standard_filter": 0,
  "insert_after": "custom_first_chckin",
  "is_system_generated": 0,
  "is_virtual": 0,
  "label": "Last Checkout",
  "length": 0,
  "link_filters": null,
  "mandatory_depends_on": null,
  "modified": "2025-02-10 12:24:42.682153",
  "module": "Enrich HRMS",
  "name": "Attendance-custom_last_checkout",
  "no_copy": 0,
  "non_negative": 0,
  "options": "Employee Checkin",
  "permlevel": 0,
  "placeholder": null,
  "precision": "",
  "print_hide": 0,
  "print_hide_if_no_value": 0,
  "print_width": null,
  "read_only": 0,
  "read_only_depends_on": null,
  "report_hide": 0,
  "reqd": 0,
  "search_index": 0,
  "show_dashboard": 0,
  "sort_options": 0,
  "translatable": 0,
  "unique": 0,
  "width": null
 },
 {
  "allow_in_quick_entry": 0,
  "allow_on_submit": 0,
  "bold": 0,
  "collapsible": 0,
  "collapsible_depends_on": null,
  "columns": 0,
  "default": null,
  "depends_on": null,
  "description": null,
  "docstatus": 0,
  "doctype": "Custom Field",
  "dt": "Attendance",
  "fetch_from": null,
  "fetch_if_empty": 0,
  "fieldname": "custom_remarks",
  "fieldtype": "Data",
  "hidden": 0,
  "hide_border": 0,
  "hide_days": 0,
  "hide_seconds": 0,
  "ignore_user_permissions": 0,
  "ignore_xss_filter": 0,
  "in_global_search": 0,
  "in_list_view": 0,
  "in_preview": 0,
  "in_standard_filter": 0,
  "insert_after": "early_exit",
  "is_system_generated": 0,
  "is_virtual": 0,
  "label": "Remarks",
  "length": 0,
  "link_filters": null,
  "mandatory_depends_on": null,
  "modified": "2025-02-10 12:24:42.567199",
  "module": "Enrich HRMS",
  "name": "Attendance-custom_remarks",
  "no_copy": 0,
  "non_negative": 0,
  "options": null,
  "permlevel": 0,
  "placeholder": null,
  "precision": "",
  "print_hide": 0,
  "print_hide_if_no_value": 0,
  "print_width": null,
  "read_only": 1,
  "read_only_depends_on": null,
  "report_hide": 0,
  "reqd": 0,
  "search_index": 0,
  "show_dashboard": 0,
  "sort_options": 0,
  "translatable": 0,
  "unique": 0,
  "width": null
 },
 {
  "allow_in_quick_entry": 0,
  "allow_on_submit": 1,
  "bold": 0,
  "collapsible": 0,
  "collapsible_depends_on": null,
  "columns": 0,
  "default": null,
  "depends_on": null,
  "description": null,
  "docstatus": 0,
  "doctype": "Custom Field",
  "dt": "Attendance",
  "fetch_from": null,
  "fetch_if_empty": 0,
  "fieldname": "custom_late_entry_hours",
  "fieldtype": "Float",
  "hidden": 0,
  "hide_border": 0,
  "hide_days": 0,
  "hide_seconds": 0,
  "ignore_user_permissions": 0,
  "ignore_xss_filter": 0,
  "in_global_search": 0,
  "in_list_view": 0,
  "in_preview": 0,
  "in_standard_filter": 0,
  "insert_after": "custom_remarks",
  "is_system_generated": 0,
  "is_virtual": 0,
  "label": "Late Entry Hours",
  "length": 0,
  "link_filters": null,
  "mandatory_depends_on": null,
  "modified": "2025-02-10 12:24:42.445802",
  "module": "Enrich HRMS",
  "name": "Attendance-custom_late_entry_hours",
  "no_copy": 0,
  "non_negative": 0,
  "options": null,
  "permlevel": 0,
  "placeholder": null,
  "precision": "2",
  "print_hide": 0,
  "print_hide_if_no_value": 0,
  "print_width": null,
  "read_only": 0,
  "read_only_depends_on": null,
  "report_hide": 0,
  "reqd": 0,
  "search_index": 0,
  "show_dashboard": 0,
  "sort_options": 0,
  "translatable": 0,
  "unique": 0,
  "width": null
 },
 {
  "allow_in_quick_entry": 0,
  "allow_on_submit": 1,
  "bold": 0,
  "collapsible": 0,
  "collapsible_depends_on": null,
  "columns": 0,
  "default": null,
  "depends_on": null,
  "description": null,
  "docstatus": 0,
  "doctype": "Custom Field",
  "dt": "Attendance",
  "fetch_from": null,
  "fetch_if_empty": 0,
  "fieldname": "custom_early_exit_hours",
  "fieldtype": "Float",
  "hidden": 0,
  "hide_border": 0,
  "hide_days": 0,
  "hide_seconds": 0,
  "ignore_user_permissions": 0,
  "ignore_xss_filter": 0,
  "in_global_search": 0,
  "in_list_view": 0,
  "in_preview": 0,
  "in_standard_filter": 0,
  "insert_after": "custom_late_entry_hours",
  "is_system_generated": 0,
  "is_virtual": 0,
  "label": "Early Exit Hours",
  "length": 0,
  "link_filters": null,
  "mandatory_depends_on": null,
  "modified": "2025-02-10 12:24:42.320283",
  "module": "Enrich HRMS",
  "name": "Attendance-custom_early_exit_hours",
  "no_copy": 0,
  "non_negative": 0,
  "options": null,
  "permlevel": 0,
  "placeholder": null,
  "precision": "2",
  "print_hide": 0,
  "print_hide_if_no_value": 0,
  "print_width": null,
  "read_only": 0,
  "read_only_depends_on": null,
  "report_hide": 0,
  "reqd": 0,
  "search_index": 0,
  "show_dashboard": 0,
  "sort_options": 0,
  "translatable": 0,
  "unique": 0,
  "width": null
 },
 {
  "_liked_by": "[]",
  "allow_in_quick_entry": 0,
  "allow_on_submit": 0,
  "bold": 0,
  "collapsible": 0,
  "collapsible_depends_on": null,
  "columns": 0,
  "default": null,
  "depends_on": null,
  "description": null,
  "docstatus": 0,
  "doctype": "Custom Field",
  "dt": "Employee",
  "fetch_from": null,
  "fetch_if_empty": 0,
  "fieldname": "custom_aadhar_number",
  "fieldtype": "Data",
  "hidden": 0,
  "hide_border": 0,
  "hide_days": 0,
  "hide_seconds": 0,
  "ignore_user_permissions": 0,
  "ignore_xss_filter": 0,
  "in_global_search": 0,
  "in_list_view": 0,
  "in_preview": 0,
  "in_standard_filter": 0,
  "insert_after": "ctc",
  "is_system_generated": 0,
  "is_virtual": 0,
  "label": "Aadhar Number",
  "length": 0,
  "link_filters": null,
  "mandatory_depends_on": null,
  "modified": "2025-01-27 18:04:15.198022",
  "module": "Enrich HRMS",
  "name": "Employee-custom_aadhar_number",
  "no_copy": 0,
  "non_negative": 0,
  "options": null,
  "permlevel": 0,
  "placeholder": null,
  "precision": "",
  "print_hide": 0,
  "print_hide_if_no_value": 0,
  "print_width": null,
  "read_only": 0,
  "read_only_depends_on": null,
  "report_hide": 0,
  "reqd": 0,
  "search_index": 0,
  "show_dashboard": 0,
  "sort_options": 0,
  "translatable": 0,
  "unique": 1,
  "width": null
 },
 {
  "allow_in_quick_entry": 0,
  "allow_on_submit": 0,
  "bold": 0,
  "collapsible": 0,
  "collapsible_depends_on": null,
  "columns": 0,
  "default": null,
  "depends_on": null,
  "description": null,
  "docstatus": 0,
  "doctype": "Custom Field",
  "dt": "Employee",
  "fetch_from": null,
  "fetch_if_empty": 0,
  "fieldname": "custom_uan_number",
  "fieldtype": "Data",
  "hidden": 0,
  "hide_border": 0,
  "hide_days": 0,
  "hide_seconds": 0,
  "ignore_user_permissions": 0,
  "ignore_xss_filter": 0,
  "in_global_search": 0,
  "in_list_view": 0,
  "in_preview": 0,
  "in_standard_filter": 0,
  "insert_after": "custom_aadhar_number",
  "is_system_generated": 0,
  "is_virtual": 0,
  "label": "UAN Number",
  "length": 0,
  "link_filters": null,
  "mandatory_depends_on": null,
  "modified": "2025-02-24 10:19:20.092100",
  "module": "Enrich HRMS",
  "name": "Employee-custom_uan_number",
  "no_copy": 0,
  "non_negative": 0,
  "options": null,
  "permlevel": 0,
  "placeholder": null,
  "precision": "",
  "print_hide": 0,
  "print_hide_if_no_value": 0,
  "print_width": null,
  "read_only": 0,
  "read_only_depends_on": null,
  "report_hide": 0,
  "reqd": 0,
  "search_index": 0,
  "show_dashboard": 0,
  "sort_options": 0,
  "translatable": 0,
  "unique": 0,
  "width": null
 },
 {
  "allow_in_quick_entry": 0,
  "allow_on_submit": 0,
  "bold": 0,
  "collapsible": 0,
  "collapsible_depends_on": null,
  "columns": 0,
  "default": "No",
  "depends_on": null,
  "description": null,
  "docstatus": 0,
  "doctype": "Custom Field",
  "dt": "Employee",
  "fetch_from": null,
  "fetch_if_empty": 0,
  "fieldname": "custom_pf_consent",
  "fieldtype": "Select",
  "hidden": 0,
  "hide_border": 0,
  "hide_days": 0,
  "hide_seconds": 0,
  "ignore_user_permissions": 0,
  "ignore_xss_filter": 0,
  "in_global_search": 0,
  "in_list_view": 0,
  "in_preview": 0,
  "in_standard_filter": 0,
  "insert_after": "salary_cb",
  "is_system_generated": 0,
  "is_virtual": 0,
  "label": "PF Consent",
  "length": 0,
  "link_filters": null,
  "mandatory_depends_on": null,
  "modified": "2025-01-27 18:04:14.802385",
  "module": "Enrich HRMS",
  "name": "Employee-custom_pf_consent",
  "no_copy": 0,
  "non_negative": 0,
  "options": "Yes\nNo",
  "permlevel": 0,
  "placeholder": null,
  "precision": "",
  "print_hide": 0,
  "print_hide_if_no_value": 0,
  "print_width": null,
  "read_only": 0,
  "read_only_depends_on": null,
  "report_hide": 0,
  "reqd": 0,
  "search_index": 0,
  "show_dashboard": 0,
  "sort_options": 0,
  "translatable": 0,
  "unique": 0,
  "width": null
 },
 {
  "allow_in_quick_entry": 0,
  "allow_on_submit": 0,
  "bold": 0,
  "collapsible": 0,
  "collapsible_depends_on": null,
  "columns": 0,
  "default": "No",
  "depends_on": null,
  "description": null,
  "docstatus": 0,
  "doctype": "Custom Field",
  "dt": "Employee",
  "fetch_from": null,
  "fetch_if_empty": 0,
  "fieldname": "custom_esi_consent",
  "fieldtype": "Select",
  "hidden": 0,
  "hide_border": 0,
  "hide_days": 0,
  "hide_seconds": 0,
  "ignore_user_permissions": 0,
  "ignore_xss_filter": 0,
  "in_global_search": 0,
  "in_list_view": 0,
  "in_preview": 0,
  "in_standard_filter": 0,
  "insert_after": "custom_pf_consent",
  "is_system_generated": 0,
  "is_virtual": 0,
  "label": "ESI Consent",
  "length": 0,
  "link_filters": null,
  "mandatory_depends_on": null,
  "modified": "2025-01-27 18:04:14.606494",
  "module": "Enrich HRMS",
  "name": "Employee-custom_esi_consent",
  "no_copy": 0,
  "non_negative": 0,
  "options": "Yes\nNo",
  "permlevel": 0,
  "placeholder": null,
  "precision": "",
  "print_hide": 0,
  "print_hide_if_no_value": 0,
  "print_width": null,
  "read_only": 0,
  "read_only_depends_on": null,
  "report_hide": 0,
  "reqd": 0,
  "search_index": 0,
  "show_dashboard": 0,
  "sort_options": 0,
  "translatable": 0,
  "unique": 0,
  "width": null
 },
 {
  "allow_in_quick_entry": 0,
  "allow_on_submit": 0,
  "bold": 0,
  "collapsible": 0,
  "collapsible_depends_on": null,
  "columns": 0,
  "default": null,
  "depends_on": null,
  "description": null,
  "docstatus": 0,
  "doctype": "Custom Field",
  "dt": "Employee",
  "fetch_from": null,
  "fetch_if_empty": 0,
  "fieldname": "custom_esic_account_number",
  "fieldtype": "Data",
  "hidden": 0,
  "hide_border": 0,
  "hide_days": 0,
  "hide_seconds": 0,
  "ignore_user_permissions": 0,
  "ignore_xss_filter": 0,
  "in_global_search": 0,
  "in_list_view": 0,
  "in_preview": 0,
  "in_standard_filter": 0,
  "insert_after": "provident_fund_account",
  "is_system_generated": 0,
  "is_virtual": 0,
  "label": "ESIC Account Number",
  "length": 0,
  "link_filters": null,
  "mandatory_depends_on": null,
  "modified": "2025-02-10 12:23:44.140130",
  "module": "Enrich HRMS",
  "name": "Employee-custom_esic_account_number",
  "no_copy": 0,
  "non_negative": 0,
  "options": null,
  "permlevel": 0,
  "placeholder": null,
  "precision": "",
  "print_hide": 0,
  "print_hide_if_no_value": 0,
  "print_width": null,
  "read_only": 0,
  "read_only_depends_on": null,
  "report_hide": 0,
  "reqd": 0,
  "search_index": 0,
  "show_dashboard": 0,
  "sort_options": 0,
  "translatable": 0,
  "unique": 1,
  "width": null
 },
 {
  "allow_in_quick_entry": 0,
  "allow_on_submit": 0,
  "bold": 0,
  "collapsible": 0,
  "collapsible_depends_on": null,
  "columns": 0,
  "default": null,
  "depends_on": null,
  "description": null,
  "docstatus": 0,
  "doctype": "Custom Field",
  "dt": "Employee",
  "fetch_from": null,
  "fetch_if_empty": 0,
  "fieldname": "custom_overtime_consent",
  "fieldtype": "Select",
  "hidden": 0,
  "hide_border": 0,
  "hide_days": 0,
  "hide_seconds": 0,
  "ignore_user_permissions": 0,
  "ignore_xss_filter": 0,
  "in_global_search": 0,
  "in_list_view": 0,
  "in_preview": 0,
  "in_standard_filter": 0,
  "insert_after": "custom_esic_account_number",
  "is_system_generated": 0,
  "is_virtual": 0,
  "label": "Overtime Consent",
  "length": 0,
  "link_filters": null,
  "mandatory_depends_on": null,
  "modified": "2025-01-27 18:04:14.308737",
  "module": "Enrich HRMS",
  "name": "Employee-custom_overtime_consent",
  "no_copy": 0,
  "non_negative": 0,
  "options": "Yes\nNo",
  "permlevel": 0,
  "placeholder": null,
  "precision": "",
  "print_hide": 0,
  "print_hide_if_no_value": 0,
  "print_width": null,
  "read_only": 0,
  "read_only_depends_on": null,
  "report_hide": 0,
  "reqd": 0,
  "search_index": 0,
  "show_dashboard": 0,
  "sort_options": 0,
  "translatable": 0,
  "unique": 0,
  "width": null
 }
]