[
 {
  "absolute_value": 0,
  "align_labels_right": 0,
  "css": ".print-format {\n    padding: 0.30in !important;\n    font-size: 14px !important;\n    font-family: \"Times New Roman\", Times, serif !important;\n}\ntable {\n    border: 1px solid black;\n    border-collapse: collapse;\n    width: 100%;\n    table-layout: fixed;\n}\n\ntd, th {\n    border: 1px solid black;\n    padding: 5px;\n    text-align: left;\n    box-sizing: border-box;\n}\n\ntd:nth-child(1) {\n    width: 20%; \n}\n\ntd:nth-child(2) {\n    width: 40%; \n}\n\ntd:nth-child(3) {\n    width: 40%; \n}\n\n.amount{\n    line-height: 1.5;\n    font-size: 13px;\n}\n.split-content {\n    width: 100% !important;\n    line-height: 1.5;\n}\n\n.left-part, .right-part {\n    width: 48% !important;\n    display: inline-block;\n    vertical-align: top;\n}\n\n.first-part, .second-part, .third-part {\n    display: inline-block;\n    vertical-align: top;\n}\n\n.first-part {\n    width: 55% !important;\n    text-align: left;\n}\n\n.second-part, .third-part {\n    width: 20% !important;\n    text-align: right;\n}\ncenter{\n    font-size:18px !important;\n}\n\n.firstpart {\n    width: 70% !important;\n    display: inline-block;\n}\n\n.secondpart {\n    width: 28% !important;\n    display: inline-block;\n    text-align: right;\n}\n\nfooter {\n    text-align: center;\n    font-size: 10px;\n}\n#header-html{\n    padding:5px !important;\n}\n\n@media print {\n    .print-format {\n        padding: 0 !important;\n        font-family: \"Times New Roman\", Times, serif !important; \n    }\n}\n.print-heading {\n    border-bottom: 0px solid #d1d8dd;\n    padding:0px !important;\n    margin-bottom: 0px !important;\n    margin-top: 0px !important;\n}",
  "custom_format": 1,
  "default_print_language": "en",
  "disabled": 0,
  "doc_type": "Salary Slip",
  "docstatus": 0,
  "doctype": "Print Format",
  "font": null,
  "font_size": 14,
  "format_data": null,
  "html": "<table>\n    <tr>\n        <td colspan=\"2\">\n            <p id=\"header-html\">\n                {% if letter_head and not no_letterhead -%}\n                {% if print_settings.repeat_header_footer %}\n                   <div class=\"letter-head print-heading\">{{ letter_head }}</div>\n                {%- endif %}{%- endif %}\n            </p>\n            <p><center><b>Payslip for the month of \n                {% if frappe.utils.formatdate(doc.start_date, 'MMMM yyyy') == frappe.utils.formatdate(doc.end_date, 'MMMM yyyy') %}\n                    {{ frappe.utils.formatdate(doc.start_date, 'MMMM yyyy') }}\n                {% else %}\n                    {{ frappe.utils.formatdate(doc.start_date, 'MMMM yyyy') }} to {{ frappe.utils.formatdate(doc.end_date, 'MMMM yyyy') }}\n                {% endif %}\n            </b></center></p>\n\n        </td>\n    </tr>\n    <tr>\n        <td>\n            <div class=\"split-content\">\n                <div class=\"left-part\">\n                    <p>Name:</p>\n                    <p>Joining Date:</p>\n                    <p>Designation:</p>\n                    <p>Department:</p>\n                    <p>Location:</p>\n                    <p>Effective Work Days:</p>\n                    <p>LOP:</p>\n                </div>\n                <div class=\"right-part\">\n                    <!-- {% if doc.employee_name %}\n                        <p>{{ doc.employee_name }}</p>\n                    {% endif %}\n                    {% if frappe.get_doc('Employee', doc.employee).date_of_joining %}\n                        <p>{{ frappe.utils.formatdate(frappe.get_doc('Employee', doc.employee).date_of_joining, 'dd-mm-yyyy') }}</p>\n                    {% endif %} -->\n                    <p>{{ doc.employee_name or \"&nbsp;\" }}</p>\n                    <p>{{ frappe.utils.formatdate(frappe.get_doc('Employee', doc.employee).date_of_joining, 'dd-mm-yyyy') or \"&nbsp;\" }}</p>\n                    <p>{{ frappe.get_doc('Employee', doc.employee).designation or \"&nbsp;\" }}</p>\n                    <p>{{ frappe.get_doc('Employee', doc.employee).department or \"&nbsp;\" }}</p>\n                    <p>{{ frappe.get_doc('Employee', doc.employee).branch or \"&nbsp;\" }}</p>\n                    <p> {% if doc.total_working_days == doc.total_working_days | int %}\n                            {{ doc.total_working_days | int or \"&nbsp;\"}}\n                        {% else %}\n                            {{ doc.total_working_days or \"&nbsp;\" }}\n                        {% endif %}\n                    </p>\n                    <p>{% if doc.leave_without_pay == doc.leave_without_pay | int %}\n                            {{ doc.leave_without_pay | int or \"&nbsp;\"}}\n                        {% else %}\n                            {{ doc.leave_without_pay or \"&nbsp;\" }}\n                        {% endif %}\n                    </p>\n                </div>\n            </div>\n        </td>\n        <td>\n            <div class=\"split-content\">\n                <div class=\"split-content\">\n                    <div class=\"left-part\">\n                        <p>Employee No:</p>\n                        <p>Bank Name:</p>\n                        <p>Bank Account No:</p>\n                        <p>PAN Number:</p>\n                        <p>PF No:</p>\n                        <p>PF UAN:</p>\n                    </div>\n                    <div class=\"right-part\">\n                        <p>{{doc.employee or \"&nbsp;\" }}</p>\n                        <p>{{doc.bank_name or \"&nbsp;\" }}</p>\n                        <p>{{doc.bank_account_no or \"&nbsp;\" }}</p>\n                        <p>{{ frappe.get_doc('Employee', doc.employee).pan_number or \"&nbsp;\" }}</p>\n                        <p>{{ frappe.get_doc('Employee', doc.employee).custom_pf_consent or \"&nbsp;\" }}</p>\n                        <p>{{ frappe.get_doc('Employee', doc.employee).custom_uan_number or \"&nbsp;\" }}</p>\n                    </div>\n                </div>       \n            </div>\n        </td>\n    </tr>\n\n    <tr>\n        <td>\n            <div class=\"split-content\">\n                <div class=\"first-part\">\n                    <p><b>Earnings</b></p>\n                </div>\n                <div class=\"second-part\">\n                    <p><b>Master</b></p>\n                </div>\n                <div class=\"third-part\">\n                    <p><b>Actual</b></p>\n                </div>\n            </div>\n        </td>\n        <td>\n            <div class=\"split-content\">\n                <div class=\"firstpart\">\n                    <p><b>Deductions</b></p>\n                </div>\n                <div class=\"secondpart\">\n                    <p><b>Actual</b></p>\n                </div>\n            </div>\n        </td>\n    </tr>\n    <tr>\n        <td>\n            {% for row in doc.earnings %}\n                <div class=\"split-content\">\n                    <div class=\"first-part\">\n                        <p>{{ row.salary_component }}</p>\n                    </div>\n                    <div class=\"second-part\">\n                       {% if row.amount == row.amount | int %}\n                            {{ row.amount | int }}\n                        {% else %}\n                            {{ row.amount }}\n                        {% endif %}\n                    </div>\n                    <div class=\"third-part\">\n                        {% if row.amount == row.amount | int %}\n                            {{ row.amount | int }}\n                        {% else %}\n                            {{ row.amount }}\n                        {% endif %}\n                    </div>\n                </div>\n            {% endfor %}\n        </td>\n        <td>\n            {% for row in doc.deductions %}\n                <div class=\"split-content\">\n                    <div class=\"firstpart\">\n                        <p>{{ row.salary_component }}</p>\n                    </div>\n                    <div class=\"secondpart\">\n                        {% if row.amount == row.amount | int %}\n                            {{ row.amount | int }}\n                        {% else %}\n                            {{ row.amount }}\n                        {% endif %}\n                    </div>\n                </div>\n            {% endfor %}\n        </td>\n    </tr>\n    <tr>\n        <td>\n            <div class=\"split-content\">\n                <div class=\"first-part\">\n                    <p>Total Earnings:{{doc.currency}}.</p>\n                </div>\n                <div class=\"second-part\">\n                    {% if doc.gross_pay == doc.gross_pay | int %}\n                        {{ doc.gross_pay | int }}\n                    {% else %}\n                        {{ doc.gross_pay }}\n                    {% endif %}\n                </div>\n                <div class=\"third-part\">\n                    {% if doc.gross_pay == doc.gross_pay | int %}\n                        {{ doc.gross_pay | int }}\n                    {% else %}\n                        {{ doc.gross_pay }}\n                    {% endif %}\n                </div>\n            </div>\n        </td>\n        <td>\n        <div class=\"split-content\">\n                <div class=\"firstpart\">\n                    <p>Total Deductions:{{doc.currency}}.</p>\n                </div>\n                <div class=\"secondpart\">\n                    {% if doc.total_deduction == doc.total_deduction | int %}\n                        {{ doc.total_deduction | int }}\n                    {% else %}\n                        {{ doc.total_deduction }}\n                    {% endif %}\n                </div>\n            </div></td>\n    </tr>\n    <tr>\n        <td class=\"amount\" colspan=\"2\">\n            <p>Net Pay for the month ( Total Earnings - Total Deductions): <b>\n                {% if doc.rounded_total == doc.rounded_total | int %}\n                    {{ doc.rounded_total | int }}\n                {% else %}\n                    {{ doc.rounded_total }}\n                {% endif %}</b></p>\n            <p>({{doc.total_in_words}})</p>\n        </td>\n    </tr>\n</table>\n\n<div>\n    {% if letter_head and not no_letterhead -%}\n    {% if print_settings.repeat_header_footer %}\n    <div class=\"letter-head-footer divFooter bg-footer\" > {{ footer }}</div> \n    {%- endif %}{%- endif %}          \n</div>\n\n \n \n\n\n",
  "line_breaks": 0,
  "margin_bottom": 15.0,
  "margin_left": 15.0,
  "margin_right": 15.0,
  "margin_top": 15.0,
  "modified": "2024-12-31 16:23:42.126802",
  "module": "Enrich HRMS",
  "name": "Salary Slip Print Format",
  "page_number": "Hide",
  "print_format_builder": 0,
  "print_format_builder_beta": 0,
  "print_format_type": "Jinja",
  "raw_commands": null,
  "raw_printing": 0,
  "show_section_headings": 0,
  "standard": "No"
 }
]