[
 {
  "default_value": null,
  "doc_type": "Timesheet",
  "docstatus": 0,
  "doctype": "Property Setter",
  "doctype_or_field": "DocField",
  "field_name": "company",
  "is_system_generated": 0,
  "modified": "2025-02-03 12:16:43.920757",
  "module": "Enrich HRMS",
  "name": "Timesheet-company-fetch_from",
  "property": "fetch_from",
  "property_type": "Small Text",
  "row_name": null,
  "value": "employee.company"
 },
 {
  "default_value": null,
  "doc_type": "Timesheet",
  "docstatus": 0,
  "doctype": "Property Setter",
  "doctype_or_field": "DocField",
  "field_name": "company",
  "is_system_generated": 0,
  "modified": "2025-02-03 12:16:43.889333",
  "module": "Enrich HRMS",
  "name": "Timesheet-company-remember_last_selected_value",
  "property": "remember_last_selected_value",
  "property_type": "Check",
  "row_name": null,
  "value": "0"
 },
 {
  "default_value": null,
  "doc_type": "Timesheet",
  "docstatus": 0,
  "doctype": "Property Setter",
  "doctype_or_field": "DocField",
  "field_name": "customer",
  "is_system_generated": 0,
  "modified": "2025-02-03 12:16:43.861820",
  "module": "Enrich HRMS",
  "name": "Timesheet-customer-hidden",
  "property": "hidden",
  "property_type": "Check",
  "row_name": null,
  "value": "1"
 },
 {
  "default_value": null,
  "doc_type": "Timesheet",
  "docstatus": 0,
  "doctype": "Property Setter",
  "doctype_or_field": "DocField",
  "field_name": "currency",
  "is_system_generated": 0,
  "modified": "2025-02-03 12:16:43.828860",
  "module": "Enrich HRMS",
  "name": "Timesheet-currency-hidden",
  "property": "hidden",
  "property_type": "Check",
  "row_name": null,
  "value": "1"
 },
 {
  "default_value": null,
  "doc_type": "Timesheet",
  "docstatus": 0,
  "doctype": "Property Setter",
  "doctype_or_field": "DocField",
  "field_name": "exchange_rate",
  "is_system_generated": 0,
  "modified": "2025-02-03 12:16:43.798814",
  "module": "Enrich HRMS",
  "name": "Timesheet-exchange_rate-hidden",
  "property": "hidden",
  "property_type": "Check",
  "row_name": null,
  "value": "1"
 },
 {
  "default_value": null,
  "doc_type": "Timesheet",
  "docstatus": 0,
  "doctype": "Property Setter",
  "doctype_or_field": "DocField",
  "field_name": "parent_project",
  "is_system_generated": 0,
  "modified": "2025-02-03 12:16:43.768214",
  "module": "Enrich HRMS",
  "name": "Timesheet-parent_project-hidden",
  "property": "hidden",
  "property_type": "Check",
  "row_name": null,
  "value": "1"
 },
 {
  "default_value": null,
  "doc_type": "Operation",
  "docstatus": 0,
  "doctype": "Property Setter",
  "doctype_or_field": "DocType",
  "field_name": null,
  "is_system_generated": 0,
  "modified": "2025-02-03 12:17:09.042923",
  "module": "Enrich HRMS",
  "name": "Operation-main-field_order",
  "property": "field_order",
  "property_type": "Data",
  "row_name": null,
  "value": "[\"workstation\", \"per_piece_rate\", \"data_2\", \"is_corrective_operation\", \"job_card_section\", \"create_job_card_based_on_batch_size\", \"quality_inspection_template\", \"column_break_6\", \"batch_size\", \"sub_operations_section\", \"sub_operations\", \"total_operation_time\", \"section_break_4\", \"description\"]"
 },
 {
  "default_value": null,
  "doc_type": "Timesheet Detail",
  "docstatus": 0,
  "doctype": "Property Setter",
  "doctype_or_field": "DocField",
  "field_name": "billing_rate",
  "is_system_generated": 0,
  "modified": "2025-02-03 12:16:28.372715",
  "module": "Enrich HRMS",
  "name": "Timesheet Detail-billing_rate-fetch_from",
  "property": "fetch_from",
  "property_type": "Small Text",
  "row_name": null,
  "value": "custom_operation.custom_per_piece_rate"
 },
 {
  "default_value": null,
  "doc_type": "Timesheet Detail",
  "docstatus": 0,
  "doctype": "Property Setter",
  "doctype_or_field": "DocField",
  "field_name": "is_billable",
  "is_system_generated": 0,
  "modified": "2025-02-03 12:16:28.349567",
  "module": "Enrich HRMS",
  "name": "Timesheet Detail-is_billable-in_list_view",
  "property": "in_list_view",
  "property_type": "Check",
  "row_name": null,
  "value": "0"
 },
 {
  "default_value": null,
  "doc_type": "Timesheet Detail",
  "docstatus": 0,
  "doctype": "Property Setter",
  "doctype_or_field": "DocField",
  "field_name": "is_billable",
  "is_system_generated": 0,
  "modified": "2025-02-03 12:16:28.327994",
  "module": "Enrich HRMS",
  "name": "Timesheet Detail-is_billable-default",
  "property": "default",
  "property_type": "Text",
  "row_name": null,
  "value": "1"
 },
 {
  "default_value": null,
  "doc_type": "Timesheet Detail",
  "docstatus": 0,
  "doctype": "Property Setter",
  "doctype_or_field": "DocField",
  "field_name": "billing_hours",
  "is_system_generated": 0,
  "modified": "2025-02-03 12:16:28.301364",
  "module": "Enrich HRMS",
  "name": "Timesheet Detail-billing_hours-in_list_view",
  "property": "in_list_view",
  "property_type": "Check",
  "row_name": null,
  "value": "1"
 },
 {
  "default_value": null,
  "doc_type": "Timesheet Detail",
  "docstatus": 0,
  "doctype": "Property Setter",
  "doctype_or_field": "DocField",
  "field_name": "billing_rate",
  "is_system_generated": 0,
  "modified": "2025-02-03 12:16:28.279745",
  "module": "Enrich HRMS",
  "name": "Timesheet Detail-billing_rate-in_list_view",
  "property": "in_list_view",
  "property_type": "Check",
  "row_name": null,
  "value": "1"
 },
 {
  "default_value": null,
  "doc_type": "Timesheet Detail",
  "docstatus": 0,
  "doctype": "Property Setter",
  "doctype_or_field": "DocField",
  "field_name": "billing_amount",
  "is_system_generated": 0,
  "modified": "2025-02-03 12:16:28.257796",
  "module": "Enrich HRMS",
  "name": "Timesheet Detail-billing_amount-in_list_view",
  "property": "in_list_view",
  "property_type": "Check",
  "row_name": null,
  "value": "1"
 },
 {
  "default_value": null,
  "doc_type": "Timesheet Detail",
  "docstatus": 0,
  "doctype": "Property Setter",
  "doctype_or_field": "DocField",
  "field_name": "project",
  "is_system_generated": 0,
  "modified": "2025-02-03 12:16:28.232896",
  "module": "Enrich HRMS",
  "name": "Timesheet Detail-project-in_list_view",
  "property": "in_list_view",
  "property_type": "Check",
  "row_name": null,
  "value": "0"
 },
 {
  "default_value": null,
  "doc_type": "Timesheet",
  "docstatus": 0,
  "doctype": "Property Setter",
  "doctype_or_field": "DocType",
  "field_name": null,
  "is_system_generated": 0,
  "modified": "2025-02-03 12:16:43.738560",
  "module": "Enrich HRMS",
  "name": "Timesheet-main-field_order",
  "property": "field_order",
  "property_type": "Data",
  "row_name": null,
  "value": "[\"title\", \"naming_series\", \"customer\", \"currency\", \"exchange_rate\", \"sales_invoice\", \"column_break_3\", \"salary_slip\", \"status\", \"parent_project\", \"employee_detail\", \"employee\", \"employee_name\", \"column_break_9\", \"department\", \"company\", \"user\", \"start_date\", \"end_date\", \"section_break_5\", \"time_logs\", \"working_hours\", \"total_hours\", \"billing_details\", \"total_billable_hours\", \"base_total_billable_amount\", \"base_total_billed_amount\", \"base_total_costing_amount\", \"column_break_10\", \"total_billed_hours\", \"total_billable_amount\", \"total_billed_amount\", \"total_costing_amount\", \"per_billed\", \"section_break_18\", \"note\", \"amended_from\"]"
 },
 {
  "default_value": null,
  "doc_type": "Timesheet Detail",
  "docstatus": 0,
  "doctype": "Property Setter",
  "doctype_or_field": "DocType",
  "field_name": null,
  "is_system_generated": 0,
  "modified": "2025-02-03 12:16:28.206056",
  "module": "Enrich HRMS",
  "name": "Timesheet Detail-main-field_order",
  "property": "field_order",
  "property_type": "Data",
  "row_name": null,
  "value": "[\"activity_type\", \"from_time\", \"to_time\", \"section_break_3\", \"hours\", \"completed\", \"description\", \"expected_hours\", \"project_details\", \"project\", \"project_name\", \"column_break_2\", \"task\", \"section_break_6\", \"is_billable\", \"sales_invoice\", \"column_break_8\", \"billing_hours\", \"section_break_11\", \"base_billing_rate\", \"base_billing_amount\", \"base_costing_rate\", \"base_costing_amount\", \"column_break_14\", \"billing_rate\", \"billing_amount\", \"costing_rate\", \"costing_amount\"]"
 },
 {
  "default_value": null,
  "doc_type": "Timesheet Detail",
  "docstatus": 0,
  "doctype": "Property Setter",
  "doctype_or_field": "DocField",
  "field_name": "to_time",
  "is_system_generated": 0,
  "modified": "2025-02-03 12:16:28.177943",
  "module": "Enrich HRMS",
  "name": "Timesheet Detail-to_time-in_list_view",
  "property": "in_list_view",
  "property_type": "Check",
  "row_name": null,
  "value": "1"
 },
 {
  "default_value": null,
  "doc_type": "Timesheet Detail",
  "docstatus": 0,
  "doctype": "Property Setter",
  "doctype_or_field": "DocField",
  "field_name": "expected_hours",
  "is_system_generated": 0,
  "modified": "2025-02-03 12:16:28.148460",
  "module": "Enrich HRMS",
  "name": "Timesheet Detail-expected_hours-hidden",
  "property": "hidden",
  "property_type": "Check",
  "row_name": null,
  "value": "1"
 },
 {
  "default_value": null,
  "doc_type": "Timesheet Detail",
  "docstatus": 0,
  "doctype": "Property Setter",
  "doctype_or_field": "DocField",
  "field_name": "completed",
  "is_system_generated": 0,
  "modified": "2025-02-03 12:16:28.118976",
  "module": "Enrich HRMS",
  "name": "Timesheet Detail-completed-hidden",
  "property": "hidden",
  "property_type": "Check",
  "row_name": null,
  "value": "1"
 },
 {
  "default_value": null,
  "doc_type": "Timesheet Detail",
  "docstatus": 0,
  "doctype": "Property Setter",
  "doctype_or_field": "DocField",
  "field_name": "project",
  "is_system_generated": 0,
  "modified": "2025-02-03 12:16:28.092433",
  "module": "Enrich HRMS",
  "name": "Timesheet Detail-project-hidden",
  "property": "hidden",
  "property_type": "Check",
  "row_name": null,
  "value": "1"
 },
 {
  "default_value": null,
  "doc_type": "Timesheet Detail",
  "docstatus": 0,
  "doctype": "Property Setter",
  "doctype_or_field": "DocField",
  "field_name": "project_name",
  "is_system_generated": 0,
  "modified": "2025-02-03 12:16:28.064292",
  "module": "Enrich HRMS",
  "name": "Timesheet Detail-project_name-hidden",
  "property": "hidden",
  "property_type": "Check",
  "row_name": null,
  "value": "1"
 },
 {
  "default_value": null,
  "doc_type": "Timesheet Detail",
  "docstatus": 0,
  "doctype": "Property Setter",
  "doctype_or_field": "DocField",
  "field_name": "task",
  "is_system_generated": 0,
  "modified": "2025-02-03 12:16:28.033378",
  "module": "Enrich HRMS",
  "name": "Timesheet Detail-task-hidden",
  "property": "hidden",
  "property_type": "Check",
  "row_name": null,
  "value": "1"
 },
 {
  "default_value": null,
  "doc_type": "Timesheet Detail",
  "docstatus": 0,
  "doctype": "Property Setter",
  "doctype_or_field": "DocField",
  "field_name": "is_billable",
  "is_system_generated": 0,
  "modified": "2025-02-03 12:16:27.998214",
  "module": "Enrich HRMS",
  "name": "Timesheet Detail-is_billable-hidden",
  "property": "hidden",
  "property_type": "Check",
  "row_name": null,
  "value": "1"
 },
 {
  "default_value": null,
  "doc_type": "Timesheet Detail",
  "docstatus": 0,
  "doctype": "Property Setter",
  "doctype_or_field": "DocField",
  "field_name": "sales_invoice",
  "is_system_generated": 0,
  "modified": "2025-02-03 12:16:27.970791",
  "module": "Enrich HRMS",
  "name": "Timesheet Detail-sales_invoice-hidden",
  "property": "hidden",
  "property_type": "Check",
  "row_name": null,
  "value": "1"
 },
 {
  "default_value": null,
  "doc_type": "Timesheet Detail",
  "docstatus": 0,
  "doctype": "Property Setter",
  "doctype_or_field": "DocField",
  "field_name": "billing_hours",
  "is_system_generated": 0,
  "modified": "2025-02-03 12:16:27.943253",
  "module": "Enrich HRMS",
  "name": "Timesheet Detail-billing_hours-hidden",
  "property": "hidden",
  "property_type": "Check",
  "row_name": null,
  "value": "1"
 },
 {
  "default_value": null,
  "doc_type": "Timesheet Detail",
  "docstatus": 0,
  "doctype": "Property Setter",
  "doctype_or_field": "DocField",
  "field_name": "base_billing_rate",
  "is_system_generated": 0,
  "modified": "2025-02-03 12:16:27.913352",
  "module": "Enrich HRMS",
  "name": "Timesheet Detail-base_billing_rate-hidden",
  "property": "hidden",
  "property_type": "Check",
  "row_name": null,
  "value": "1"
 },
 {
  "default_value": null,
  "doc_type": "Timesheet Detail",
  "docstatus": 0,
  "doctype": "Property Setter",
  "doctype_or_field": "DocField",
  "field_name": "base_billing_amount",
  "is_system_generated": 0,
  "modified": "2025-02-03 12:16:27.872172",
  "module": "Enrich HRMS",
  "name": "Timesheet Detail-base_billing_amount-hidden",
  "property": "hidden",
  "property_type": "Check",
  "row_name": null,
  "value": "1"
 },
 {
  "default_value": null,
  "doc_type": "Timesheet Detail",
  "docstatus": 0,
  "doctype": "Property Setter",
  "doctype_or_field": "DocField",
  "field_name": "base_costing_rate",
  "is_system_generated": 0,
  "modified": "2025-02-03 12:16:27.839604",
  "module": "Enrich HRMS",
  "name": "Timesheet Detail-base_costing_rate-hidden",
  "property": "hidden",
  "property_type": "Check",
  "row_name": null,
  "value": "1"
 },
 {
  "default_value": null,
  "doc_type": "Timesheet Detail",
  "docstatus": 0,
  "doctype": "Property Setter",
  "doctype_or_field": "DocField",
  "field_name": "base_costing_amount",
  "is_system_generated": 0,
  "modified": "2025-02-03 12:16:27.807875",
  "module": "Enrich HRMS",
  "name": "Timesheet Detail-base_costing_amount-hidden",
  "property": "hidden",
  "property_type": "Check",
  "row_name": null,
  "value": "1"
 },
 {
  "default_value": null,
  "doc_type": "Timesheet Detail",
  "docstatus": 0,
  "doctype": "Property Setter",
  "doctype_or_field": "DocField",
  "field_name": "billing_rate",
  "is_system_generated": 0,
  "modified": "2025-02-03 12:16:27.775492",
  "module": "Enrich HRMS",
  "name": "Timesheet Detail-billing_rate-hidden",
  "property": "hidden",
  "property_type": "Check",
  "row_name": null,
  "value": "1"
 },
 {
  "default_value": null,
  "doc_type": "Timesheet Detail",
  "docstatus": 0,
  "doctype": "Property Setter",
  "doctype_or_field": "DocField",
  "field_name": "billing_amount",
  "is_system_generated": 0,
  "modified": "2025-02-03 12:16:27.745650",
  "module": "Enrich HRMS",
  "name": "Timesheet Detail-billing_amount-hidden",
  "property": "hidden",
  "property_type": "Check",
  "row_name": null,
  "value": "1"
 },
 {
  "default_value": null,
  "doc_type": "Timesheet Detail",
  "docstatus": 0,
  "doctype": "Property Setter",
  "doctype_or_field": "DocField",
  "field_name": "costing_rate",
  "is_system_generated": 0,
  "modified": "2025-02-03 12:16:27.709488",
  "module": "Enrich HRMS",
  "name": "Timesheet Detail-costing_rate-hidden",
  "property": "hidden",
  "property_type": "Check",
  "row_name": null,
  "value": "1"
 },
 {
  "default_value": null,
  "doc_type": "Timesheet Detail",
  "docstatus": 0,
  "doctype": "Property Setter",
  "doctype_or_field": "DocField",
  "field_name": "costing_amount",
  "is_system_generated": 0,
  "modified": "2025-02-03 12:16:27.481279",
  "module": "Enrich HRMS",
  "name": "Timesheet Detail-costing_amount-hidden",
  "property": "hidden",
  "property_type": "Check",
  "row_name": null,
  "value": "1"
 },
 {
  "default_value": null,
  "doc_type": "Timesheet",
  "docstatus": 0,
  "doctype": "Property Setter",
  "doctype_or_field": "DocField",
  "field_name": "billing_details",
  "is_system_generated": 0,
  "modified": "2025-02-03 12:16:43.697193",
  "module": "Enrich HRMS",
  "name": "Timesheet-billing_details-hidden",
  "property": "hidden",
  "property_type": "Check",
  "row_name": null,
  "value": "1"
 },
 {
  "default_value": null,
  "doc_type": "Employee",
  "docstatus": 0,
  "doctype": "Property Setter",
  "doctype_or_field": "DocField",
  "field_name": "employment_type",
  "is_system_generated": 0,
  "modified": "2025-02-04 11:52:48.744058",
  "module": "Enrich HRMS",
  "name": "Employee-employment_type-reqd",
  "property": "reqd",
  "property_type": "Check",
  "row_name": null,
  "value": "1"
 },
 {
  "default_value": null,
  "doc_type": "Attendance",
  "docstatus": 0,
  "doctype": "Property Setter",
  "doctype_or_field": "DocField",
  "field_name": "working_hours",
  "is_system_generated": 0,
  "modified": "2025-02-24 17:57:07.351377",
  "module": "Enrich HRMS",
  "name": "Attendance-working_hours-hidden",
  "property": "hidden",
  "property_type": "Check",
  "row_name": null,
  "value": "1"
 },
 {
  "default_value": null,
  "doc_type": "Attendance",
  "docstatus": 0,
  "doctype": "Property Setter",
  "doctype_or_field": "DocType",
  "field_name": null,
  "is_system_generated": 0,
  "modified": "2025-02-24 17:57:07.374486",
  "module": "Enrich HRMS",
  "name": "Attendance-main-field_order",
  "property": "field_order",
  "property_type": "Data",
  "row_name": null,
  "value": "[\"attendance_details\", \"naming_series\", \"employee\", \"employee_name\", \"custom_work_hours_\", \"custom_overtime\", \"working_hours\", \"status\", \"leave_type\", \"leave_application\", \"column_break0\", \"attendance_date\", \"company\", \"department\", \"attendance_request\", \"details_section\", \"shift\", \"in_time\", \"out_time\", \"custom_first_chckin\", \"custom_last_checkout\", \"column_break_18\", \"late_entry\", \"early_exit\", \"custom_remarks\", \"custom_late_entry_hours\", \"custom_early_exit_hours\", \"amended_from\"]"
 },
 {
  "default_value": null,
  "doc_type": "Shift Type",
  "docstatus": 0,
  "doctype": "Property Setter",
  "doctype_or_field": "DocType",
  "field_name": null,
  "is_system_generated": 0,
  "modified": "2025-02-10 12:27:15.932137",
  "module": "Enrich HRMS",
  "name": "Shift Type-main-quick_entry",
  "property": "quick_entry",
  "property_type": "Check",
  "row_name": null,
  "value": "0"
 },
 {
  "default_value": null,
  "doc_type": "Employee Checkin",
  "docstatus": 0,
  "doctype": "Property Setter",
  "doctype_or_field": "DocField",
  "field_name": "column_break_4",
  "is_system_generated": 0,
  "modified": "2025-02-10 12:27:15.911082",
  "module": "Enrich HRMS",
  "name": "Employee Checkin-column_break_4-label",
  "property": "label",
  "property_type": "Data",
  "row_name": null,
  "value": "Remarks"
 },
 {
  "default_value": null,
  "doc_type": "Employee",
  "docstatus": 0,
  "doctype": "Property Setter",
  "doctype_or_field": "DocType",
  "field_name": null,
  "is_system_generated": 0,
  "modified": "2025-02-10 12:27:15.888309",
  "module": "Enrich HRMS",
  "name": "Employee-main-field_order",
  "property": "field_order",
  "property_type": "Data",
  "row_name": null,
  "value": "[\"basic_details_tab\", \"basic_information\", \"employee\", \"naming_series\", \"first_name\", \"middle_name\", \"last_name\", \"employee_name\", \"column_break_9\", \"gender\", \"date_of_birth\", \"salutation\", \"column_break1\", \"date_of_joining\", \"image\", \"status\", \"erpnext_user\", \"user_id\", \"create_user\", \"create_user_permission\", \"company_details_section\", \"company\", \"department\", \"employment_type\", \"employee_number\", \"column_break_25\", \"designation\", \"reports_to\", \"column_break_18\", \"branch\", \"grade\", \"employment_details\", \"job_applicant\", \"scheduled_confirmation_date\", \"column_break_32\", \"final_confirmation_date\", \"contract_end_date\", \"col_break_22\", \"notice_number_of_days\", \"date_of_retirement\", \"contact_details\", \"cell_number\", \"column_break_40\", \"personal_email\", \"company_email\", \"column_break4\", \"prefered_contact_email\", \"prefered_email\", \"unsubscribed\", \"address_section\", \"current_address\", \"current_accommodation_type\", \"column_break_46\", \"permanent_address\", \"permanent_accommodation_type\", \"emergency_contact_details\", \"person_to_be_contacted\", \"column_break_55\", \"emergency_phone_number\", \"column_break_19\", \"relation\", \"attendance_and_leave_details\", \"attendance_device_id\", \"column_break_44\", \"holiday_list\", \"default_shift\", \"approvers_section\", \"expense_approver\", \"leave_approver\", \"column_break_45\", \"shift_request_approver\", \"salary_information\", \"ctc\", \"custom_aadhar_number\", \"custom_uan_number\", \"payroll_cost_center\", \"salary_currency\", \"salary_mode\", \"salary_cb\", \"custom_pf_consent\", \"custom_esi_consent\", \"pan_number\", \"provident_fund_account\", \"custom_esic_account_number\", \"custom_overtime_consent\", \"bank_details_section\", \"bank_name\", \"column_break_heye\", \"bank_ac_no\", \"bank_cb\", \"ifsc_code\", \"micr_code\", \"iban\", \"personal_details\", \"marital_status\", \"family_background\", \"column_break6\", \"blood_group\", \"health_details\", \"health_insurance_section\", \"health_insurance_provider\", \"health_insurance_no\", \"passport_details_section\", \"passport_number\", \"valid_upto\", \"column_break_73\", \"date_of_issue\", \"place_of_issue\", \"profile_tab\", \"bio\", \"educational_qualification\", \"education\", \"previous_work_experience\", \"external_work_history\", \"history_in_company\", \"internal_work_history\", \"exit\", \"resignation_letter_date\", \"relieving_date\", \"exit_interview_details\", \"held_on\", \"new_workplace\", \"column_break_99\", \"leave_encashed\", \"encashment_date\", \"feedback_section\", \"reason_for_leaving\", \"column_break_104\", \"feedback\", \"lft\", \"rgt\", \"old_parent\", \"connections_tab\"]"
 },
 {
  "default_value": null,
  "doc_type": "Employee",
  "docstatus": 0,
  "doctype": "Property Setter",
  "doctype_or_field": "DocField",
  "field_name": "provident_fund_account",
  "is_system_generated": 0,
  "modified": "2025-02-10 12:27:15.867339",
  "module": "Enrich HRMS",
  "name": "Employee-provident_fund_account-unique",
  "property": "unique",
  "property_type": "Check",
  "row_name": null,
  "value": "1"
 },
 {
  "default_value": null,
  "doc_type": "Employee Checkin",
  "docstatus": 0,
  "doctype": "Property Setter",
  "doctype_or_field": "DocType",
  "field_name": null,
  "is_system_generated": 0,
  "modified": "2025-02-10 12:27:15.840477",
  "module": "Enrich HRMS",
  "name": "Employee Checkin-main-field_order",
  "property": "field_order",
  "property_type": "Data",
  "row_name": null,
  "value": "[\"employee\", \"employee_name\", \"log_type\", \"shift\", \"column_break_4\", \"time\", \"device_id\", \"skip_auto_attendance\", \"attendance\", \"custom_date\", \"custom_remarks\", \"location_section\", \"latitude\", \"column_break_yqpi\", \"longitude\", \"section_break_ksbo\", \"fetch_geolocation\", \"geolocation\", \"shift_timings_section\", \"shift_start\", \"shift_end\", \"column_break_vyyt\", \"shift_actual_start\", \"shift_actual_end\"]"
 },
 {
  "default_value": null,
  "doc_type": "Attendance",
  "docstatus": 0,
  "doctype": "Property Setter",
  "doctype_or_field": "DocField",
  "field_name": "attendance_date",
  "is_system_generated": 0,
  "modified": "2025-02-24 17:57:07.325506",
  "module": "Enrich HRMS",
  "name": "Attendance-attendance_date-in_standard_filter",
  "property": "in_standard_filter",
  "property_type": "Check",
  "row_name": null,
  "value": "1"
 },
 {
  "default_value": null,
  "doc_type": "Shift Type",
  "docstatus": 0,
  "doctype": "Property Setter",
  "doctype_or_field": "DocType",
  "field_name": null,
  "is_system_generated": 0,
  "modified": "2025-02-24 16:02:25.586604",
  "module": "Enrich HRMS",
  "name": "Shift Type-main-field_order",
  "property": "field_order",
  "property_type": "Data",
  "row_name": null,
  "value": "[\"start_time\", \"end_time\", \"custom_shift_hours\", \"column_break_3\", \"holiday_list\", \"color\", \"enable_auto_attendance\", \"auto_attendance_settings_section\", \"determine_check_in_and_check_out\", \"working_hours_calculation_based_on\", \"begin_check_in_before_shift_start_time\", \"allow_check_out_after_shift_end_time\", \"mark_auto_attendance_on_holidays\", \"column_break_10\", \"working_hours_threshold_for_half_day\", \"working_hours_threshold_for_absent\", \"process_attendance_after\", \"last_sync_of_checkin\", \"grace_period_settings_auto_attendance_section\", \"enable_late_entry_marking\", \"late_entry_grace_period\", \"column_break_18\", \"enable_early_exit_marking\", \"early_exit_grace_period\"]"
 },
 {
  "default_value": null,
  "doc_type": "Shift Type",
  "docstatus": 0,
  "doctype": "Property Setter",
  "doctype_or_field": "DocField",
  "field_name": "last_sync_of_checkin",
  "is_system_generated": 0,
  "modified": "2025-02-24 16:02:25.508832",
  "module": "Enrich HRMS",
  "name": "Shift Type-last_sync_of_checkin-read_only",
  "property": "read_only",
  "property_type": "Check",
  "row_name": null,
  "value": "1"
 },
 {
  "default_value": null,
  "doc_type": "Attendance",
  "docstatus": 0,
  "doctype": "Property Setter",
  "doctype_or_field": "DocField",
  "field_name": "in_time",
  "is_system_generated": 0,
  "modified": "2025-02-24 17:57:07.119601",
  "module": "Enrich HRMS",
  "name": "Attendance-in_time-Check",
  "property": "read_only",
  "property_type": "Check",
  "row_name": null,
  "value": "0"
 },
 {
  "default_value": null,
  "doc_type": "Attendance",
  "docstatus": 0,
  "doctype": "Property Setter",
  "doctype_or_field": "DocField",
  "field_name": "out_time",
  "is_system_generated": 0,
  "modified": "2025-02-24 17:57:07.090703",
  "module": "Enrich HRMS",
  "name": "Attendance-out_time-Check",
  "property": "read_only",
  "property_type": "Check",
  "row_name": null,
  "value": "0"
 },
 {
  "default_value": null,
  "doc_type": "Attendance",
  "docstatus": 0,
  "doctype": "Property Setter",
  "doctype_or_field": "DocField",
  "field_name": "in_time",
  "is_system_generated": 0,
  "modified": "2025-02-24 17:57:07.150893",
  "module": "Enrich HRMS",
  "name": "Attendance-in_time-depends_on",
  "property": "depends_on",
  "property_type": "Data",
  "row_name": null,
  "value": ""
 },
 {
  "default_value": null,
  "doc_type": "Attendance",
  "docstatus": 0,
  "doctype": "Property Setter",
  "doctype_or_field": "DocField",
  "field_name": "out_time",
  "is_system_generated": 0,
  "modified": "2025-02-24 17:57:07.185030",
  "module": "Enrich HRMS",
  "name": "Attendance-out_time-depends_on",
  "property": "depends_on",
  "property_type": "Data",
  "row_name": null,
  "value": ""
 },
 {
  "default_value": null,
  "doc_type": "Attendance",
  "docstatus": 0,
  "doctype": "Property Setter",
  "doctype_or_field": "DocField",
  "field_name": "shift",
  "is_system_generated": 0,
  "modified": "2025-02-24 17:57:07.212550",
  "module": "Enrich HRMS",
  "name": "Attendance-shift-allow_on_submit",
  "property": "allow_on_submit",
  "property_type": "Check",
  "row_name": null,
  "value": "1"
 },
 {
  "default_value": null,
  "doc_type": "Attendance",
  "docstatus": 0,
  "doctype": "Property Setter",
  "doctype_or_field": "DocField",
  "field_name": "late_entry",
  "is_system_generated": 0,
  "modified": "2025-02-24 17:57:07.238039",
  "module": "Enrich HRMS",
  "name": "Attendance-late_entry-allow_on_submit",
  "property": "allow_on_submit",
  "property_type": "Check",
  "row_name": null,
  "value": "1"
 },
 {
  "default_value": null,
  "doc_type": "Attendance",
  "docstatus": 0,
  "doctype": "Property Setter",
  "doctype_or_field": "DocField",
  "field_name": "early_exit",
  "is_system_generated": 0,
  "modified": "2025-02-24 17:57:07.271056",
  "module": "Enrich HRMS",
  "name": "Attendance-early_exit-allow_on_submit",
  "property": "allow_on_submit",
  "property_type": "Check",
  "row_name": null,
  "value": "1"
 },
 {
  "default_value": null,
  "doc_type": "Attendance",
  "docstatus": 0,
  "doctype": "Property Setter",
  "doctype_or_field": "DocField",
  "field_name": "status",
  "is_system_generated": 0,
  "modified": "2025-02-24 17:57:07.301961",
  "module": "Enrich HRMS",
  "name": "Attendance-status-allow_on_submit",
  "property": "allow_on_submit",
  "property_type": "Check",
  "row_name": null,
  "value": "1"
 },
 {
  "default_value": null,
  "doc_type": "Attendance",
  "docstatus": 0,
  "doctype": "Property Setter",
  "doctype_or_field": "DocField",
  "field_name": "out_time",
  "is_system_generated": 0,
  "modified": "2025-02-24 17:57:07.016825",
  "module": "Enrich HRMS",
  "name": "Attendance-out_time-allow_on_submit",
  "property": "allow_on_submit",
  "property_type": "Check",
  "row_name": null,
  "value": "1"
 },
 {
  "default_value": null,
  "doc_type": "Attendance",
  "docstatus": 0,
  "doctype": "Property Setter",
  "doctype_or_field": "DocField",
  "field_name": "in_time",
  "is_system_generated": 0,
  "modified": "2025-02-24 17:57:07.056049",
  "module": "Enrich HRMS",
  "name": "Attendance-in_time-allow_on_submit",
  "property": "allow_on_submit",
  "property_type": "Check",
  "row_name": null,
  "value": "1"
 }
]